predecessorId,successorId
ad19d7e3-d6b0-9174-214c-10ae52b36f5f,097fe55c-c134-88cf-238b-5aec0e83a4a6
53155764-a023-92eb-c1a2-b39c84db7c9e,e4b903af-7ed0-02da-5b56-86223f5b620b
097fe55c-c134-88cf-238b-5aec0e83a4a6,6c0f72ee-81c0-2843-d2e4-be8ddc2951e6
d4f27b42-bbc8-0813-1cac-7a7c575cd92e,46d4f4ca-f80d-b9fc-617e-6b80cf30cc3a
de2b6c76-0ca5-921b-91c2-f1fa92dace3d,b152cb23-1750-13ba-082f-259487388ff5
d7afdb69-d90d-d012-7f86-769fa76b2733,568c6b81-d36c-35c4-a57a-c3e83f0caf90
6c0f72ee-81c0-2843-d2e4-be8ddc2951e6,37b3500a-7692-4a9a-7712-380a9d524331
37b402ed-561a-f3ce-6a42-f752caf4bbbb,915a1b15-0aa6-73d1-f6dd-e56cdbe06dc8
fc1db4a1-dbbc-db62-a574-eb92da4a606b,8fb04d6b-f176-8517-2d1d-e9c1b1a9e51b
b4963fd5-93c4-05c6-bd45-2f5e6105f6b2,661bf60e-96d8-d137-b1f4-a37fbfee27a8
e4b903af-7ed0-02da-5b56-86223f5b620b,f14d4f85-6214-dbd9-d33d-897201273dae
b2a6b630-f8ad-64af-a40b-078518b77c63,45fd6bbd-c0f0-8041-a0aa-26a692e24048
52d72b04-ab87-9a68-5c21-8af8d540e9ee,040c9d74-464c-60e0-2e49-7cb95f02ac7f
eda6afe7-5d62-957d-09e8-57b34e6f0bed,ef70bfd5-4c9e-b147-95d6-9c52ff7fffbd
7b9a5054-407b-3eed-ce7b-651b813f5504,fc1db4a1-dbbc-db62-a574-eb92da4a606b
ca9bd87a-d82d-28b6-fea2-e7b72ad3f156,34e6fec3-b1c7-a3b4-d59e-16850ba408a7
b4fc1f7c-3446-d147-c49a-0f8eddbaf09c,fc1db4a1-dbbc-db62-a574-eb92da4a606b
26682a3b-f950-13d9-3126-b0e9938d2111,e5d15ac3-cfc2-120f-23d8-e0322c4ca11d
270dc29f-1b6b-b9f6-08cb-e3c3b952bed8,e5d15ac3-cfc2-120f-23d8-e0322c4ca11d
054646f0-a87c-bacb-e167-c9e297fb07eb,eda6afe7-5d62-957d-09e8-57b34e6f0bed
e3c6d274-bb7d-e5d0-b306-00a610414218,b4963fd5-93c4-05c6-bd45-2f5e6105f6b2
661bf60e-96d8-d137-b1f4-a37fbfee27a8,054646f0-a87c-bacb-e167-c9e297fb07eb
16304b4f-9a5a-8f90-6914-3d127494676f,fc1db4a1-dbbc-db62-a574-eb92da4a606b
37b3500a-7692-4a9a-7712-380a9d524331,fc1db4a1-dbbc-db62-a574-eb92da4a606b
0fc23353-14fe-1c8c-5c7f-ede13405dc13,fc1db4a1-dbbc-db62-a574-eb92da4a606b
a235fdf5-cf7d-f086-4359-ae21927181d5,d4f27b42-bbc8-0813-1cac-7a7c575cd92e
3d9dc00f-eeb1-8d12-13e1-f71c99ce5a64,fc1db4a1-dbbc-db62-a574-eb92da4a606b
7234323d-d5be-8897-94d3-ba8bd93d0366,28af9fa9-f249-e6aa-e1ba-0b1dd9bcaa93
f14d4f85-6214-dbd9-d33d-897201273dae,7234323d-d5be-8897-94d3-ba8bd93d0366
7567b596-d174-810d-532e-5ef3af97d41a,802a597e-2f49-906c-6030-fa1e1529ebe0
700ce6bd-07db-1c65-39c5-7184459e8d35,b21447d8-68f3-ea82-f637-bf703704d20f
45fd6bbd-c0f0-8041-a0aa-26a692e24048,fc1db4a1-dbbc-db62-a574-eb92da4a606b
9210d55d-e720-071a-2ab0-b916396cc556,b2a6b630-f8ad-64af-a40b-078518b77c63
040c9d74-464c-60e0-2e49-7cb95f02ac7f,fc1db4a1-dbbc-db62-a574-eb92da4a606b
eeaf1845-2519-2bd3-da19-f54bb8631deb,52d72b04-ab87-9a68-5c21-8af8d540e9ee
008c0617-2b04-635f-39f1-5bd78c70decd,fc1db4a1-dbbc-db62-a574-eb92da4a606b
6f5c9e1b-87df-1db0-c0bf-a9be9d8c9252,fc1db4a1-dbbc-db62-a574-eb92da4a606b
79f083af-7da8-6109-1461-7d415ba6b664,fc1db4a1-dbbc-db62-a574-eb92da4a606b
915a1b15-0aa6-73d1-f6dd-e56cdbe06dc8,79f083af-7da8-6109-1461-7d415ba6b664
07ff6374-effe-41e0-0d24-ae2ca2037355,fc1db4a1-dbbc-db62-a574-eb92da4a606b
ef70bfd5-4c9e-b147-95d6-9c52ff7fffbd,20c8a50f-b789-a9d5-5604-b72f5cdbe5c0
924a0532-f0e4-c1e9-be59-05846876312a,270dc29f-1b6b-b9f6-08cb-e3c3b952bed8
f717d6a9-55da-0946-21df-578a9c28b9d0,fc1db4a1-dbbc-db62-a574-eb92da4a606b
34e6fec3-b1c7-a3b4-d59e-16850ba408a7,fc1db4a1-dbbc-db62-a574-eb92da4a606b
c3091e51-abeb-8a83-9095-766e4df089f7,fc1db4a1-dbbc-db62-a574-eb92da4a606b
745f4ce1-ff36-29bf-ac22-131f2b287ecd,fc1db4a1-dbbc-db62-a574-eb92da4a606b
46ac8344-cf5a-8520-da21-ee0b5bf52b0b,fc1db4a1-dbbc-db62-a574-eb92da4a606b
a9cac7be-211f-3645-6a75-03d71ae262f7,fc1db4a1-dbbc-db62-a574-eb92da4a606b
361be56a-2173-43a6-bdce-1a6e206cb276,7c5a405b-ee40-eb7a-1793-a87fd403b7f4
7c5a405b-ee40-eb7a-1793-a87fd403b7f4,fc1db4a1-dbbc-db62-a574-eb92da4a606b
b152cb23-1750-13ba-082f-259487388ff5,fc1db4a1-dbbc-db62-a574-eb92da4a606b
7c25805c-92da-3ca2-43ca-411b4086d88e,fc1db4a1-dbbc-db62-a574-eb92da4a606b
67038bc7-3e03-79bd-2bd7-ce5e78b737e5,fc1db4a1-dbbc-db62-a574-eb92da4a606b
8fb04d6b-f176-8517-2d1d-e9c1b1a9e51b,11854383-fa70-c75c-c8e4-ec5bc3a0067c
0db79a8c-a7fc-4c82-3091-3eb1de63b15f,fc1db4a1-dbbc-db62-a574-eb92da4a606b
65640af4-5ecf-4505-cc89-f26fee56908f,fc1db4a1-dbbc-db62-a574-eb92da4a606b
46d4f4ca-f80d-b9fc-617e-6b80cf30cc3a,c3ad9068-0cef-1d04-0680-4cb8e1a52136
8aa1e0bb-2168-9ce2-8695-405ee784242f,fc1db4a1-dbbc-db62-a574-eb92da4a606b
3d86647f-c48a-8389-6354-93778e029d43,fc1db4a1-dbbc-db62-a574-eb92da4a606b
cfbe5efa-86dc-8f70-f500-2f59b818117a,fc1db4a1-dbbc-db62-a574-eb92da4a606b
320e0042-ee77-b347-a0b7-fbe5e8af7df8,fc1db4a1-dbbc-db62-a574-eb92da4a606b
d71ef008-9028-6c70-ec0b-5121aa979b57,fc1db4a1-dbbc-db62-a574-eb92da4a606b
e3619db9-b486-f45e-6116-64f9d1313b2c,924a0532-f0e4-c1e9-be59-05846876312a
1863c2f5-d2a0-cd67-0fb2-bcc058853d5f,fc1db4a1-dbbc-db62-a574-eb92da4a606b
b3d61cf6-4386-e2a5-1865-124598590c34,fc1db4a1-dbbc-db62-a574-eb92da4a606b
3c0c281b-09fc-4e44-6cc0-dd2f13744a49,fc1db4a1-dbbc-db62-a574-eb92da4a606b
4f2eb573-91b9-e62a-e266-b53d8b690778,fc1db4a1-dbbc-db62-a574-eb92da4a606b
45225de6-93bb-85ae-77a3-bda44ee70738,fc1db4a1-dbbc-db62-a574-eb92da4a606b
7d7104b9-af31-2ea0-3c45-68ad6f353087,fc1db4a1-dbbc-db62-a574-eb92da4a606b
af08711e-8062-8471-6474-4bfcb04bc38b,67038bc7-3e03-79bd-2bd7-ce5e78b737e5
591f4e16-4238-0327-13e6-8a96d06301c8,fc1db4a1-dbbc-db62-a574-eb92da4a606b
b1122af4-870d-b880-ac1e-71705fd81c92,fc1db4a1-dbbc-db62-a574-eb92da4a606b
07404ba8-eff0-bc9c-90eb-67ea948f3ebe,fc1db4a1-dbbc-db62-a574-eb92da4a606b
f5366bd5-4f32-f1ef-8eca-4b7fc46b765d,fc1db4a1-dbbc-db62-a574-eb92da4a606b
7a757b22-5478-30ed-de3c-f50068fe19d4,7b0ba359-2e90-6379-d501-c1f813f9ce3d
7b0ba359-2e90-6379-d501-c1f813f9ce3d,fc1db4a1-dbbc-db62-a574-eb92da4a606b
bdb10a76-e881-70e4-73b4-08144793df34,fc1db4a1-dbbc-db62-a574-eb92da4a606b
802a597e-2f49-906c-6030-fa1e1529ebe0,28af9fa9-f249-e6aa-e1ba-0b1dd9bcaa93
b21447d8-68f3-ea82-f637-bf703704d20f,28af9fa9-f249-e6aa-e1ba-0b1dd9bcaa93
bda296a8-9e9c-1468-6a1b-92dfe5e1a387,fc1db4a1-dbbc-db62-a574-eb92da4a606b
568c6b81-d36c-35c4-a57a-c3e83f0caf90,8c076611-eb55-623e-64d9-44fd1b6926fd
20144e37-abc1-eaa7-c76c-ce28765af643,8c076611-eb55-623e-64d9-44fd1b6926fd
8d768227-4dc4-4916-5789-04fa6e515d75,fc1db4a1-dbbc-db62-a574-eb92da4a606b
20c8a50f-b789-a9d5-5604-b72f5cdbe5c0,07ff6374-effe-41e0-0d24-ae2ca2037355
78a0cd9d-c0be-f191-7c2d-d51da506dd63,fc1db4a1-dbbc-db62-a574-eb92da4a606b
e8c0a2c5-f6b6-0446-1c78-4d2af900fce1,fc1db4a1-dbbc-db62-a574-eb92da4a606b
ca1e607e-8718-84c2-4dc4-83ec5f1dc9bb,fc1db4a1-dbbc-db62-a574-eb92da4a606b
77f5fad8-6599-5e1c-a142-f6aa7f35765e,fc1db4a1-dbbc-db62-a574-eb92da4a606b
2aeaced3-68f7-047d-539c-70e06ec5d109,fc1db4a1-dbbc-db62-a574-eb92da4a606b
81ed2f3b-b0cb-4bb6-203e-2d9d6eba3a05,fc1db4a1-dbbc-db62-a574-eb92da4a606b
10194365-8dfa-0407-0759-21ff1daf8829,fc1db4a1-dbbc-db62-a574-eb92da4a606b
dfa74cf2-9467-ff9e-4200-b3b6b46caae4,8aa1e0bb-2168-9ce2-8695-405ee784242f
dc860cee-e623-89a6-2439-4cdfad56259b,fc1db4a1-dbbc-db62-a574-eb92da4a606b
ba8a23dc-e1b5-14f2-8966-79454034f1b2,fc1db4a1-dbbc-db62-a574-eb92da4a606b
7404dd51-6bb5-ec84-4624-a67a87951e91,fc1db4a1-dbbc-db62-a574-eb92da4a606b
5271f49a-355c-8006-6d49-bafcb5156715,fc1db4a1-dbbc-db62-a574-eb92da4a606b
446f432d-afe8-456a-1a73-02fe7571a27b,ba8a23dc-e1b5-14f2-8966-79454034f1b2
16741899-ddf1-a179-1b59-c2b350ec5ffa,fc1db4a1-dbbc-db62-a574-eb92da4a606b
0ccf6e54-e2a4-2c52-312f-5fc7f92b2553,bc68e101-0352-2848-3fb2-137086c4cf79
bc68e101-0352-2848-3fb2-137086c4cf79,fc1db4a1-dbbc-db62-a574-eb92da4a606b
36bf6db4-1c37-89ce-ab64-7e872cf935cb,fc1db4a1-dbbc-db62-a574-eb92da4a606b
1533c19d-426b-fa1b-73b1-5f45c4228726,ca9bd87a-d82d-28b6-fea2-e7b72ad3f156
04298bd3-06f8-79ea-1ee3-e9168f11e97a,fc1db4a1-dbbc-db62-a574-eb92da4a606b
67280abe-6325-7bb0-bffb-f5cc35c033ef,fc1db4a1-dbbc-db62-a574-eb92da4a606b
c38ceba2-d727-a404-4e9c-13e14b677722,fc1db4a1-dbbc-db62-a574-eb92da4a606b
11854383-fa70-c75c-c8e4-ec5bc3a0067c,f9c2be2f-10ef-12c2-8029-742b6434637d
28af9fa9-f249-e6aa-e1ba-0b1dd9bcaa93,bda296a8-9e9c-1468-6a1b-92dfe5e1a387
e5d15ac3-cfc2-120f-23d8-e0322c4ca11d,3d9dc00f-eeb1-8d12-13e1-f71c99ce5a64
8c076611-eb55-623e-64d9-44fd1b6926fd,d71ef008-9028-6c70-ec0b-5121aa979b57
c3ad9068-0cef-1d04-0680-4cb8e1a52136,fc1db4a1-dbbc-db62-a574-eb92da4a606b
